sector,subtopic,source_name,url
AI,Labs & Models,Countries/India: Deccan Chronicle - Latest India news | Breaking news | Hyderabad News | World news | Business,https://www.deccanchronicle.com/rss_feed/
AI,Labs & Models,Countries/India: TechGenyz,http://feeds.feedburner.com/techgenyz
AI,Labs & Models,"Countries/Philippines: TechPinas : Philippines' Technology News, Tips and Reviews Blog",http://feeds.feedburner.com/Techpinas
AI,Labs & Models,Countries/South Africa: TechCentral,https://techcentral.co.za/feed
Hamburg,Schlagzeilen & Brennpunkte,Countries/Germany: Aktuell - FAZ.NET,https://www.faz.net/rss/aktuell/
Hamburg,Schlagzeilen & Brennpunkte,Countries/Germany: Deutsche Welle,https://rss.dw.com/rdf/rss-en-all
Hamburg,Schlagzeilen & Brennpunkte,Countries/Germany: FOCUS Online,https://rss.focus.de/fol/XML/rss_folnews.xml
Hamburg,Schlagzeilen & Brennpunkte,Countries/Germany: tagesschau.de - Die Nachrichten der ARD,http://www.tagesschau.de/xml/rss2
Hamburg,Schlagzeilen & Brennpunkte,"Countries/Germany: ZEIT ONLINE | Nachrichten, Hintergründe und Debatten",http://newsfeed.zeit.de/index
Mallorca,Wirtschaft & Tourismus,Countries/Spain: Agencia EFE | www.efe.com | English edition,https://www.efe.com/efe/english/4/rss
Mallorca,Wirtschaft & Tourismus,Countries/Spain: EL PAÍS: el periódico global,https://feeds.elpais.com/mrss-s/pages/ep/site/elpais.com/portada
Mallorca,Wirtschaft & Tourismus,Countries/Spain: El Periódico - portada,https://www.elperiodico.com/es/rss/rss_portada.xml
Mallorca,Wirtschaft & Tourismus,Countries/Spain: ElDiario.es - ElDiario.es,https://www.eldiario.es/rss/
Mallorca,Wirtschaft & Tourismus,Countries/Spain: España,https://rss.elconfidencial.com/espana/
Mallorca,Wirtschaft & Tourismus,Countries/Spain: Euro Weekly News Spain,https://www.euroweeklynews.com/feed/
Mallorca,Wirtschaft & Tourismus,Countries/Spain: huffingtonpost.es,https://www.huffingtonpost.es/feeds/index.xml
Mallorca,Wirtschaft & Tourismus,Countries/Spain: Portada // expansion,https://e00-expansion.uecdn.es/rss/portada.xml
Mallorca,Wirtschaft & Tourismus,Countries/Spain: The Local,https://feeds.thelocal.com/rss/es
Politics,Global Power Moves,Countries/Australia: ABC News,https://www.abc.net.au/news/feed/1948/rss.xml
Politics,Global Power Moves,Countries/Australia: Brisbane Times - Latest News,https://www.brisbanetimes.com.au/rss/feed.xml
Politics,Global Power Moves,Countries/Australia: Business News - Latest Headlines,https://www.businessnews.com.au/rssfeed/latest.rss
Politics,Global Power Moves,Countries/Australia: Crikey,https://feeds.feedburner.com/com/rCTl
Politics,Global Power Moves,Countries/Australia: InDaily,https://indaily.com.au/feed/
Politics,Global Power Moves,Countries/Australia: Independent Australia,http://feeds.feedburner.com/IndependentAustralia
Politics,Global Power Moves,Countries/Australia: KUSA - News,http://rssfeeds.9news.com/kusa/home&x=1
Politics,Global Power Moves,Countries/Australia: Latest News and News Headlines | Daily Telegraph,https://www.dailytelegraph.com.au/news/breaking-news/rss
Politics,Global Power Moves,Countries/Australia: Latest News and News Headlines | Herald Sun,https://www.heraldsun.com.au/news/breaking-news/rss
Politics,Global Power Moves,Countries/Australia: Michael West,https://www.michaelwest.com.au/feed/
Politics,Global Power Moves,Countries/Australia: PerthNow,https://www.perthnow.com.au/news/feed
Politics,Global Power Moves,Countries/Australia: Sydney Morning Herald - Latest News,https://www.smh.com.au/rss/feed.xml
Politics,Global Power Moves,Countries/Australia: The Age - Latest News,https://www.theage.com.au/rss/feed.xml
Politics,Global Power Moves,Countries/Australia: The Canberra Times - Local News,https://www.canberratimes.com.au/rss.xml
Politics,Global Power Moves,Countries/Australia: The Courier Mail,https://www.couriermail.com.au/rss
Politics,Global Power Moves,Countries/Australia: The Mercury,https://www.themercury.com.au/rss
Politics,Global Power Moves,Countries/Bangladesh: Bangla News,https://www.banglanews24.com/rss/rss.xml
Politics,Global Power Moves,Countries/Bangladesh: BD24Live.com,https://www.bd24live.com/feed
Politics,Global Power Moves,Countries/Bangladesh: bdnews24.com - Home,https://bdnews24.com/?widgetName=rssfeed&widgetId=1150&getXmlFeed=true
Politics,Global Power Moves,Countries/Bangladesh: jagonews24.com | rss Feed,https://www.jagonews24.com/rss/rss.xml
Politics,Global Power Moves,Countries/Bangladesh: JUGANTOR,https://www.jugantor.com/feed/rss.xml
Politics,Global Power Moves,Countries/Bangladesh: kalerkantho Kantho,https://www.kalerkantho.com/rss.xml
Politics,Global Power Moves,Countries/Bangladesh: The Daily Star,https://www.thedailystar.net/frontpage/rss.xml
Politics,Global Power Moves,Countries/Bangladesh: প্রথম আলো,https://www.prothomalo.com/feed/
Politics,Global Power Moves,Countries/Brazil: Brasil Wire,http://www.brasilwire.com/feed/
Politics,Global Power Moves,Countries/Brazil: Folha de S.Paulo - Em cima da hora - Principal,https://feeds.folha.uol.com.br/emcimadahora/rss091.xml
Politics,Global Power Moves,Countries/Brazil: Jornal de Brasília,https://jornaldebrasilia.com.br/feed/
Politics,Global Power Moves,Countries/Brazil: Portal EBC - RSS,http://www.ebc.com.br/rss/feed.xml
Politics,Global Power Moves,Countries/Brazil: R7 - Notícias,https://noticias.r7.com/feed.xml
Politics,Global Power Moves,Countries/Brazil: The Rio Times,https://riotimesonline.com/feed/
Politics,Global Power Moves,Countries/Brazil: UOL,http://rss.home.uol.com.br/index.xml
Politics,Global Power Moves,Countries/Canada:,https://globalnews.ca/feed/
Politics,Global Power Moves,Countries/Canada: CBC | Top Stories News,https://www.cbc.ca/cmlink/rss-topstories
Politics,Global Power Moves,Countries/Canada: CTVNews.ca - Top Stories - Public RSS,https://www.ctvnews.ca/rss/ctvnews-ca-top-stories-public-rss-1.822009
Politics,Global Power Moves,Countries/Canada: Financial Post,https://business.financialpost.com/feed/
Politics,Global Power Moves,Countries/Canada: LaPresse.ca - Actualités,https://www.lapresse.ca/actualites/rss
Politics,Global Power Moves,Countries/Canada: National Post,https://nationalpost.com/feed/
Politics,Global Power Moves,Countries/Canada: Ottawa Citizen,https://ottawacitizen.com/feed/
Politics,Global Power Moves,Countries/Canada: The Province,https://theprovince.com/feed/
Politics,Global Power Moves,Countries/Canada: Toronto Star,https://www.thestar.com/content/thestar/feed.RSSManagerServlet.articles.topstories.rss
Politics,Global Power Moves,Countries/Canada: Toronto Sun - RSS Feed,https://torontosun.com/category/news/feed
Politics,Global Power Moves,Countries/France: france24.com,https://www.france24.com/en/rss
Politics,Global Power Moves,Countries/France: Franceinfo - Les Titres,https://www.francetvinfo.fr/titres.rss
Politics,Global Power Moves,Countries/France: L'essentiel,https://www.sudouest.fr/essentiel/rss.xml
Politics,Global Power Moves,Countries/France: L'Obs - A la une,https://www.nouvelobs.com/a-la-une/rss.xml
Politics,Global Power Moves,Countries/France: La Dépêche du Midi : actualités et info en direct de la région Occitanie et des environs - l,https://www.ladepeche.fr/rss.xml
Politics,Global Power Moves,Countries/France: Le Huffington Post,https://www.huffingtonpost.fr/feeds/index.xml
Politics,Global Power Moves,Countries/France: Le Monde.fr - Actualités et Infos en France et dans le monde,https://www.lemonde.fr/rss/une.xml
Politics,Global Power Moves,Countries/France: Mediapart,https://www.mediapart.fr/articles/feed
Politics,Global Power Moves,Countries/France: Ministry for Europe and Foreign Affairs - Actualités,https://www.diplomatie.gouv.fr/spip.php?page=backend-fd&lang=en
Politics,Global Power Moves,Countries/France: Ouest-France - Actualité,https://www.ouest-france.fr/rss-en-continu.xml
Politics,Global Power Moves,Countries/France: Paris Star,https://www.parisstaronline.com/feed
Politics,Global Power Moves,Countries/Hong Kong SAR China: Hong Kong Free Press HKFP,https://www.hongkongfp.com/feed/
Politics,Global Power Moves,Countries/Hong Kong SAR China: hongkongnews.net latest rss headlines,http://feeds.hongkongnews.net/rss/b82693edf38ebff8
Politics,Global Power Moves,Countries/Hong Kong SAR China: The Standard - Latest News,https://www.thestandard.com.hk/newsfeed/latest/news.xml
Politics,Global Power Moves,Countries/Hong Kong SAR China: 頭條日報 Headline Daily - 頭條網,https://hd.stheadline.com/rss/news/daily/
Politics,Global Power Moves,Countries/Hong Kong SAR China: 香港新聞RSS - 香港經濟日報 hket.com,https://www.hket.com/rss/hongkong
Politics,Global Power Moves,Countries/India: BBC News - India,http://feeds.bbci.co.uk/news/world/asia/india/rss.xml
Politics,Global Power Moves,Countries/India: Business Line - Home,https://www.thehindubusinessline.com/feeder/default.rss
Politics,Global Power Moves,Countries/India: Economic Times,https://economictimes.indiatimes.com/rssfeedsdefault.cms
Politics,Global Power Moves,Countries/India: Firstpost India Latest News,https://www.firstpost.com/rss/india.xml
Politics,Global Power Moves,Countries/India: Free Press Journal,https://www.freepressjournal.in/stories.rss
Politics,Global Power Moves,Countries/India: Front Page | The Indian Express,http://indianexpress.com/print/front-page/feed/
Politics,Global Power Moves,Countries/India: Home Page,https://www.business-standard.com/rss/home_page_top_stories.rss
Politics,Global Power Moves,Countries/India: India News,https://www.dnaindia.com/feeds/india.xml
Politics,Global Power Moves,Countries/India: India Today | Latest Stories,https://www.indiatoday.in/rss/home
Politics,Global Power Moves,Countries/India: India | The Guardian,https://www.theguardian.com/world/india/rss
Politics,Global Power Moves,Countries/India: JansattaJansatta,https://www.jansatta.com/feed/
Politics,Global Power Moves,"Countries/India: Latest And Breaking Hindi News Headlines, News In Hindi | अमर उजाला हिंदी न्यूज़ | - Amar Ujal",https://www.amarujala.com/rss/breaking-news.xml
Politics,Global Power Moves,Countries/India: Latest News program News18 Lokmat,https://lokmat.news18.com/rss/program.xml
Politics,Global Power Moves,Countries/India: Live Hindustan Rss feed,https://feed.livehindustan.com/rss/3127
Politics,Global Power Moves,Countries/India: Loksattaदेश-विदेश – Loksatta,https://www.loksatta.com/desh-videsh/feed/
Politics,Global Power Moves,"Countries/India: Marathi News: मराठी बातम्या, Latest News in Marathi, Breaking Marathi News, Marathi News Pape",https://maharashtratimes.com/rssfeedsdefault.cms
Politics,Global Power Moves,Countries/India: Moneycontrol Latest News,http://www.moneycontrol.com/rss/latestnews.xml
Politics,Global Power Moves,Countries/India: Navbharat Times,https://navbharattimes.indiatimes.com/rssfeedsdefault.cms
Politics,Global Power Moves,Countries/India: NDTV News - Topstories,https://feeds.feedburner.com/ndtvnews-top-stories
Politics,Global Power Moves,"Countries/India: News, Latest News, Today's News Headlines, Breaking News, LIVE News - Oneindia",https://www.oneindia.com/rss/news-fb.xml
Politics,Global Power Moves,Countries/India: OpIndia,https://feeds.feedburner.com/opindia
Politics,Global Power Moves,Countries/India: Outlook India,https://www.outlookindia.com/rss/main/magazine
Politics,Global Power Moves,Countries/India: Patrika : India's Leading Hindi News Portal,http://api.patrika.com/rss/india-news
Politics,Global Power Moves,Countries/India: Scroll.in,http://feeds.feedburner.com/ScrollinArticles.rss
Politics,Global Power Moves,Countries/India: SEBI RSS Feed,https://www.sebi.gov.in/sebirss.xml
Politics,Global Power Moves,Countries/India: Swarajya,https://prod-qt-images.s3.amazonaws.com/production/swarajya/feed.xml
Politics,Global Power Moves,Countries/India: The Financial Express,https://www.financialexpress.com/feed/
Politics,Global Power Moves,Countries/India: The Hindu - Home,https://www.thehindu.com/feeder/default.rss
Politics,Global Power Moves,Countries/India: ThePrint,https://theprint.in/feed/
Politics,Global Power Moves,Countries/India: Times of India,https://timesofindia.indiatimes.com/rssfeedstopstories.cms
Politics,Global Power Moves,Countries/India: Top Stories News - Gujarat Samachar : World's Leading Gujarati Newspaper,https://www.gujaratsamachar.com/rss/top-stories
Politics,Global Power Moves,Countries/India: Top World News- News18.com,https://www.news18.com/rss/world.xml
Politics,Global Power Moves,Countries/India: देश | दैनिक भास्कर,https://www.bhaskar.com/rss-feed/1061/
Politics,Global Power Moves,Countries/India: ઈન્ડિયા | દિવ્ય ભાસ્કર,https://www.divyabhaskar.co.in/rss-feed/1037/
Politics,Global Power Moves,Countries/Indonesia: Merdeka.com,https://www.merdeka.com/feed/
Politics,Global Power Moves,Countries/Indonesia: Republika Online RSS Feed,https://www.republika.co.id/rss/
Politics,Global Power Moves,Countries/Indonesia: Suara.com,https://www.suara.com/rss
Politics,Global Power Moves,Countries/Indonesia: Tribunnews.com,https://www.tribunnews.com/rss
Politics,Global Power Moves,Countries/Iran: اخبار ایران و جهان,https://www.tasnimnews.com/fa/rss/feed/0/8/0/%D9%85%D9%87%D9%85%D8%AA%D8%B1%DB%8C%D9%86-%D8%A7%D8%AE%D8%A8%D8%A7%D8%B1-%D8%AA%D8%B3%D9%86%DB%8C%D9%85
Politics,Global Power Moves,Countries/Iran: تابناک | TABNAK,https://www.tabnak.ir/fa/rss/allnews
Politics,Global Power Moves,Countries/Iran: خبرگزاری ایسنا | صفحه اصلی | ISNA News Agency,https://www.isna.ir/rss
Politics,Global Power Moves,Countries/Iran: خبرگزاری باشگاه خبرنگاران | آخرین اخبار ایران و جهان | YJC,https://www.yjc.ir/fa/rss/allnews
Politics,Global Power Moves,Countries/Iran: خبرگزاری خبرآنلاین - آخرین اخبار ایران و جهان | Khabaronline,https://www.khabaronline.ir/rss
Politics,Global Power Moves,Countries/Iran: خبرگزاری مهر | اخبار ایران و جهان | Mehr News Agency,https://www.mehrnews.com/rss
Politics,Global Power Moves,Countries/Iran: عصر ايران,https://www.asriran.com/fa/rss/allnews
Politics,Global Power Moves,Countries/Ireland: All: BreakingNews.ie,https://feeds.breakingnews.ie/bntopstories
Politics,Global Power Moves,Countries/Ireland: Irish Mirror - Home,https://www.irishmirror.ie/?service=rss
Politics,Global Power Moves,Countries/Ireland: IrishCentral.com - Top Stories,https://feeds.feedburner.com/IrishCentral
Politics,Global Power Moves,Countries/Ireland: IrishExaminer.com,https://feeds.feedburner.com/ietopstories
Politics,Global Power Moves,Countries/Ireland: The42,https://www.the42.ie/feed/
Politics,Global Power Moves,Countries/Ireland: TheJournal.ie,https://www.thejournal.ie/feed/
Politics,Global Power Moves,Countries/Italy: Adnkronos - ultimoratop,http://rss.adnkronos.com/RSS_PrimaPagina.xml
Politics,Global Power Moves,Countries/Italy: Fanpage,https://www.fanpage.it/feed/
Politics,Global Power Moves,Countries/Italy: Il Mattino Web,https://www.ilmattino.it/?sez=XML&args&p=search&args[box]=Home&limit=20&layout=rss
Politics,Global Power Moves,Countries/Italy: Il Post,https://www.ilpost.it/feed/
Politics,Global Power Moves,Countries/Italy: Internazionale,https://www.internazionale.it/sitemaps/rss.xml
Politics,Global Power Moves,Countries/Italy: Italy | The Guardian,https://www.theguardian.com/world/italy/rss
Politics,Global Power Moves,Countries/Italy: Libero Quotidiano,https://www.liberoquotidiano.it/rss.xml
Politics,Global Power Moves,Countries/Italy: Milan News,https://www.milannews.it/rss/
Politics,Global Power Moves,Countries/Italy: Panorama,https://www.panorama.it/feeds/feed.rss
Politics,Global Power Moves,Countries/Italy: Repubblica.it > Homepage,https://www.repubblica.it/rss/homepage/rss2.0.xml
Politics,Global Power Moves,Countries/Italy: RSS di - ANSA.it,https://www.ansa.it/sito/ansait_rss.xml
Politics,Global Power Moves,Countries/Italy: RSS DiariodelWeb.it,https://www.diariodelweb.it/rss/home/
Politics,Global Power Moves,Countries/Italy: The Local,https://feeds.thelocal.com/rss/it
Politics,Global Power Moves,Countries/Japan: All - Kyodo News+,https://english.kyodonews.net/rss/all.xml
Politics,Global Power Moves,Countries/Japan: BRIDGE（ブリッジ）テクノロジー＆スタートアップ情報,http://feeds.feedburner.com/SdJapan
Politics,Global Power Moves,Countries/Japan: Japan Times latest articles,https://www.japantimes.co.jp/feed/topstories/
Politics,Global Power Moves,Countries/Japan: Japan Today,https://japantoday.com/feed
Politics,Global Power Moves,Countries/Japan: News On Japan,http://www.newsonjapan.com/rss/top.xml
Politics,Global Power Moves,Countries/Japan: NYT > Japan,https://www.nytimes.com/svc/collections/v1/publish/http://www.nytimes.com/topic/destination/japan/rss.xml
Politics,Global Power Moves,Countries/Japan: ライブドアニュース - 主要トピックス,https://news.livedoor.com/topics/rss/top.xml
Politics,Global Power Moves,Countries/Japan: 朝日新聞デジタル,http://rss.asahi.com/rss/asahi/newsheadlines.rdf
Politics,Global Power Moves,Countries/Mexico:,https://www.eluniversal.com.mx/seccion/1671/rss.xml
Politics,Global Power Moves,Countries/Mexico: 24 Horas,https://www.24-horas.mx/feed/
Politics,Global Power Moves,Countries/Mexico: 8 Columnas,https://8columnas.com.mx/feed/
Politics,Global Power Moves,Countries/Mexico: DEBATE,https://www.debate.com.mx/rss/feed.xml
Politics,Global Power Moves,Countries/Mexico: El Diario,https://diario.mx/jrz/media/sitemaps/rss.xml
Politics,Global Power Moves,Countries/Mexico: El Financiero,https://www.elfinanciero.com.mx/arc/outboundfeeds/rss/?outputType=xml
Politics,Global Power Moves,"Countries/Mexico: El Informador :: Noticias de Jalisco, México, Deportes & Entretenimiento",https://www.informador.mx/rss/ultimas-noticias.xml
Politics,Global Power Moves,Countries/Mexico: ElNorte,https://www.elnorte.com/rss/portada.xml
Politics,Global Power Moves,Countries/Mexico: Excélsior - RSS,https://www.excelsior.com.mx/rss.xml
Politics,Global Power Moves,Countries/Mexico: Lo último en Vanguardia MX,https://vanguardia.com.mx/rss.xml
Politics,Global Power Moves,Countries/Mexico: Mexico News Daily,https://mexiconewsdaily.com/feed/
Politics,Global Power Moves,Countries/Mexico: Mexico | The Guardian,https://www.theguardian.com/world/mexico/rss
Politics,Global Power Moves,"Countries/Mexico: Portada, El Siglo de Torreón",https://www.elsiglodetorreon.com.mx/index.xml
Politics,Global Power Moves,Countries/Mexico: Reforma,https://www.reforma.com/rss/portada.xml
Politics,Global Power Moves,Countries/Mexico: Tu Periódico Quequi,https://quequi.com.mx/feed/
Politics,Global Power Moves,Countries/Myanmar (Burma): DVB Multimedia Group,http://www.dvb.no/feed
Politics,Global Power Moves,Countries/Myanmar (Burma): Myanmar Gazette News Media Forum Network,http://myanmargazette.net/feed
Politics,Global Power Moves,Countries/Myanmar (Burma): THIT HTOO LWIN (Daily News),http://www.thithtoolwin.com/feeds/posts/default
Politics,Global Power Moves,Countries/Nigeria: All Content,http://saharareporters.com/feeds/latest/feed
Politics,Global Power Moves,Countries/Nigeria: Daily Post Nigeria,https://dailypost.ng/feed
Politics,Global Power Moves,Countries/Nigeria: Information Nigeria,https://www.informationng.com/feed
Politics,Global Power Moves,"Countries/Nigeria: Latest Nigeria News, Nigerian Newspapers, Politics",https://thenationonlineng.net/feed/
Politics,Global Power Moves,Countries/Nigeria: Legit.ng,https://www.legit.ng/rss/all.rss
Politics,Global Power Moves,Countries/Nigeria: Nigeria News Links | Today's Updates - Nigerian Bulletin,https://www.nigerianbulletin.com/forums/-/index.rss
Politics,Global Power Moves,Countries/Nigeria: Nigerian News. Latest Nigeria News. Your online Nigerian Newspaper.,http://feeds.feedburner.com/Nigerianeye
Politics,Global Power Moves,Countries/Nigeria: Premium Times Nigeria,https://www.premiumtimesng.com/feed
Politics,Global Power Moves,Countries/Nigeria: The Guardian Nigeria News – Nigeria and World News,https://guardian.ng/feed/
Politics,Global Power Moves,Countries/Nigeria: Tribune Online,http://tribuneonlineng.com/feed/
Politics,Global Power Moves,Countries/Pakistan: News Blog,https://newsnblogs.com/feed/
Politics,Global Power Moves,Countries/Pakistan: The Express Tribune,https://tribune.com.pk/feed/home
Politics,Global Power Moves,Countries/Pakistan: The Nation - Top Stories,https://nation.com.pk/rss/top-stories
Politics,Global Power Moves,Countries/Pakistan: The News International - Pakistan,https://www.thenews.com.pk/rss/1/1
Politics,Global Power Moves,Countries/Pakistan: UrduPoint.com All Urdu News,https://www.urdupoint.com/rss/urdupoint.rss
Politics,Global Power Moves,Countries/Pakistan: ایکسپریس اردو,https://www.express.pk/feed/
Politics,Global Power Moves,Countries/Pakistan: قومی خبریں,https://jang.com.pk/rss/1/1
Politics,Global Power Moves,Countries/Philippines: - The Manila Times,https://www.manilatimes.net/rssfeed/
Politics,Global Power Moves,Countries/Philippines: Abante Tonite,https://tonite.abante.com.ph/feed/
Politics,Global Power Moves,Countries/Philippines: BICOL STANDARD | Bicol News | Bicol Newspaper,http://www.bicolstandard.com/feeds/posts/default?alt=rss
Politics,Global Power Moves,Countries/Philippines: BusinessMirror,https://businessmirror.com.ph/feed/
Politics,Global Power Moves,Countries/Philippines: BusinessWorld,https://www.bworldonline.com/feed/
Politics,Global Power Moves,Countries/Philippines: Current PH,https://currentph.com/feed/
Politics,Global Power Moves,Countries/Philippines: Eagle News,https://www.eaglenews.ph/feed/
Politics,Global Power Moves,Countries/Philippines: GMA News Online / News,https://data.gmanews.tv/gno/rss/news/feed.xml
Politics,Global Power Moves,Countries/Philippines: https://www.sunstar.com.ph/,https://www.sunstar.com.ph/rssFeed/selected
Politics,Global Power Moves,Countries/Philippines: INQUIRER.net,https://www.inquirer.net/fullfeed
Politics,Global Power Moves,Countries/Philippines: Interaksyon,https://www.interaksyon.com/feed/
Politics,Global Power Moves,Countries/Philippines: Latest News | Philippine Information Agency,https://pia.gov.ph/news/feed.rss
Politics,Global Power Moves,Countries/Philippines: Latest News | Philippine News Agency,https://www.pna.gov.ph/latest.rss
Politics,Global Power Moves,Countries/Philippines: Manila Standard,https://manilastandard.net/feed/all
Politics,Global Power Moves,Countries/Philippines: PhilNews.XYZ,https://www.philnews.xyz/feeds/posts/default?alt=rss
Politics,Global Power Moves,Countries/Philippines: philstar.com - RSS Headlines,https://www.philstar.com/rss/headlines
Politics,Global Power Moves,Countries/Philippines: Tempo – The Nation's Fastest Growing Newspaper,http://tempo.com.ph/feed/
Politics,Global Power Moves,Countries/Philippines: Top Gear: The Philippine authority on cars and the automotive industry,https://www.topgear.com.ph/feed/rss1
Politics,Global Power Moves,Countries/Philippines: UNBOX PH,https://www.unbox.ph/feed/
Politics,Global Power Moves,Countries/Poland: Dziennik.pl Dziennik - dziennik.pl,http://rss.dziennik.pl/Dziennik-PL/
Politics,Global Power Moves,"Countries/Poland: GazetaPrawna.pl - biznes, podatki, prawo, finanse, wiadomości, praca",http://rss.gazetaprawna.pl/GazetaPrawna
Politics,Global Power Moves,Countries/Poland: https://www.rp.pl,https://www.rp.pl/rss/1019
Politics,Global Power Moves,Countries/Poland: Najnowsze,http://feeds.feedburner.com/wPolitycepl
Politics,Global Power Moves,Countries/Poland: Newsweek Polska,https://www.newsweek.pl/rss.xml
Politics,Global Power Moves,Countries/Poland: Polska Agencja Prasowa SA,https://www.pap.pl/rss.xml
Politics,Global Power Moves,Countries/Poland: RMF24.pl,https://www.rmf24.pl/feed
Politics,Global Power Moves,Countries/Poland: www.wirtualnemedia.pl,https://www.wirtualnemedia.pl/rss/wirtualnemedia_rss.xml
Politics,Global Power Moves,Countries/Russia: Lenta.ru : Новости,https://lenta.ru/rss
Politics,Global Power Moves,Countries/Russia: Meduza.io,https://meduza.io/rss/all
Politics,Global Power Moves,Countries/Russia: NEWSru.com :: Главные новости,https://rss.newsru.com/top/big/
Politics,Global Power Moves,Countries/Russia: PravdaReport,https://www.pravdareport.com/export.xml
Politics,Global Power Moves,Countries/Russia: RT - Daily news,https://www.rt.com/rss/
Politics,Global Power Moves,Countries/Russia: Russia Insider Daily Headlines,https://russia-insider.com/en/all-content/rss
Politics,Global Power Moves,Countries/Russia: TASS,http://tass.com/rss/v2.xml
Politics,Global Power Moves,Countries/Russia: The Moscow Times - Independent News From Russia,https://www.themoscowtimes.com/rss/news
Politics,Global Power Moves,Countries/Russia: Вести.Ru,https://www.vesti.ru/vesti.rss
Politics,Global Power Moves,Countries/Russia: Все материалы - Московский Комсомолец,https://www.mk.ru/rss/index.xml
Politics,Global Power Moves,Countries/Russia: Газета,https://www.kommersant.ru/RSS/main.xml
Politics,Global Power Moves,Countries/Russia: Газета.Ru - Первая полоса,https://www.gazeta.ru/export/rss/first.xml
Politics,Global Power Moves,Countries/Russia: Российская Газета,https://rg.ru/xml/index.xml
Politics,Global Power Moves,Countries/South Africa: Axios,https://api.axios.com/feed/
Politics,Global Power Moves,Countries/South Africa: Daily Maverick,https://www.dailymaverick.co.za/dmrss/
Politics,Global Power Moves,Countries/South Africa: Eyewitness News | Latest News,https://ewn.co.za/RSS%20Feeds/Latest%20News
Politics,Global Power Moves,Countries/South Africa: IOL section feed for News,http://rss.iol.io/iol/news
Politics,Global Power Moves,Countries/South Africa: Moneyweb,https://www.moneyweb.co.za/feed/
Politics,Global Power Moves,Countries/South Africa: News24 Top Stories,http://feeds.news24.com/articles/news24/TopStories/rss
Politics,Global Power Moves,Countries/South Africa: SowetanLIVE,https://www.sowetanlive.co.za/rss/?publication=sowetan-live
Politics,Global Power Moves,Countries/South Africa: The Citizen,https://citizen.co.za/feed/
Politics,Global Power Moves,Countries/South Africa: The South African,https://www.thesouthafrican.com/feed/
Politics,Global Power Moves,Countries/South Africa: TimesLIVE,https://www.timeslive.co.za/rss/
Politics,Global Power Moves,Countries/Ukraine: Gazeta.ua,https://gazeta.ua/rss
Politics,Global Power Moves,Countries/Ukraine: News Agency UNIAN,https://rss.unian.net/site/news_eng.rss
Politics,Global Power Moves,Countries/Ukraine: Вести.ua,https://vesti.ua/feeds/partners
Politics,Global Power Moves,Countries/Ukraine: Гордон - Самые популярные материалы,https://gordonua.com/xml/rss_category/top.html
Politics,Global Power Moves,Countries/Ukraine: Еспресо - український погляд на світ!,https://espreso.tv/rss
Politics,Global Power Moves,Countries/Ukraine: Информационное агентство УНИАН,https://rss.unian.net/site/news_rus.rss
Politics,Global Power Moves,Countries/Ukraine: НВ,https://nv.ua/rss/all.xml
Politics,Global Power Moves,Countries/Ukraine: Новини на tsn.ua,https://tsn.ua/rss/full.rss
Politics,Global Power Moves,Countries/Ukraine: Последние новости на сайте korrespondent.net,http://k.img.com.ua/rss/ru/all_news2.0.xml
Politics,Global Power Moves,Countries/Ukraine: ТЕЛЕГРАФ - последние новости Украины и мира,https://telegraf.com.ua/yandex-feed/
Politics,Global Power Moves,Countries/Ukraine: Українська правда,https://www.pravda.com.ua/rss/
Politics,Global Power Moves,Countries/Ukraine: Цензор.НЕТ - Новости,https://censor.net.ua/includes/news_ru.xml
Politics,Global Power Moves,Countries/United Kingdom: BBC News - Home,http://feeds.bbci.co.uk/news/rss.xml
Politics,Global Power Moves,Countries/United Kingdom: Daily Express :: News Feed,http://feeds.feedburner.com/daily-express-news-showbiz
Politics,Global Power Moves,Countries/United Kingdom: Home | Mail Online,https://www.dailymail.co.uk/home/index.rss
Politics,Global Power Moves,Countries/United Kingdom: The Independent,http://www.independent.co.uk/news/uk/rss
Politics,Global Power Moves,Countries/United Kingdom: World news | The Guardian,https://www.theguardian.com/world/rss
Politics,Global Power Moves,Countries/United States: CNN.com - RSS Channel - App International Edition,http://rss.cnn.com/rss/edition.rss
Politics,Global Power Moves,Countries/United States: FOX News,http://feeds.foxnews.com/foxnews/latest
Politics,Global Power Moves,Countries/United States: NYT > Top Stories,https://rss.nytimes.com/services/xml/rss/nyt/HomePage.xml
Politics,Global Power Moves,Countries/United States: Playbook,https://rss.politico.com/playbook.xml
Politics,Global Power Moves,Countries/United States: US Top News and Analysis,https://www.cnbc.com/id/100003114/device/rss/rss.html
Politics,Global Power Moves,Countries/United States: World,http://feeds.washingtonpost.com/rss/world
Politics,Global Power Moves,Countries/United States: World & Nation,https://www.latimes.com/world-nation/rss2.0.xml
Politics,Global Power Moves,"Countries/United States: World News - Breaking News, Top Stories",https://www.huffpost.com/section/world-news/feed
Politics,Global Power Moves,Countries/United States: WSJ.com: World News,https://feeds.a.dj.com/rss/RSSWorldNews.xml
Politics,Global Power Moves,Countries/United States: Yahoo News - Latest News & Headlines,https://news.yahoo.com/rss/mostviewed
